visit,conversion
0.5599143151101529,0.3848635420031785
0.04517214718898602,0.5184273064138387
0.3468116772888654,0.7637802131428559
0.3319351809976214,0.5549356374027716
0.2387088596886685,0.031443254688341186
0.8676555737334661,0.10537654075126235
0.030849325865697986,0.27495312956932993
0.23900618287618336,0.9895725431033652
0.9869170141458136,0.23828929649685016
0.3290322111611593,0.14550475784526706
0.5876070437103869,0.9277056242156829
0.07868138494230605,0.2725795994842859
0.2990324325173782,0.6739950333065916
0.3944159265075511,0.9763688843639178
0.6775289146641987,0.5081609980244999
0.917208980328435,0.2985659677337227
0.13698770647867797,0.10878382725663693
0.3060276350573027,0.1650649249141105
0.347656128858162,0.5443004243338005
0.6838689524761642,0.9395756432113415
0.647727768567602,0.4349435157077963
0.6873610923092952,0.7404496285988085
0.008393498525248467,0.3056411894239286
0.7405421980608896,0.9383550398185746
0.19740286932899742,0.9780778632368148
0.604811089705859,0.007409236167328195
0.897229315181502,0.11185279102657394
0.3268153168947847,0.04583883984967019
0.19877365071258446,0.7619654892504732
0.09145778432022734,0.11982507279856469
0.3668207263324933,0.4638333265820297
0.8874718623075077,0.639844945728264
0.46404128550979695,0.3536850675841753
0.010830164591133442,0.23286082083958237
0.15535687816503077,0.7828723092385008
0.0729161065450513,0.6434726914336235
0.39657882301686354,0.34028951619266645
0.3681212333629882,0.49133168289641926
0.7743390884415423,0.33832139870681266
0.34422917356388705,0.4181348776482965
0.9803861268538986,0.6092921638505389
0.9531359868898817,0.7310307867107128
0.02614525139364434,0.637540265565979
0.013524727720520328,0.4795950491192913
0.3741972986354094,0.18958830896236478
0.4155597634492162,0.8188020640472776
0.015511766676527346,0.4031040381185733
0.16275907532651013,0.9002833057566193
0.06062355359880579,0.6795143993921808
0.8411785457584043,0.5398192346337198
0.8089916118759978,0.23444380031536272
0.01920349158729349,0.5996607314298623
0.6879099839672512,0.6297451087395349
0.12399141837480067,0.0852028376277804
0.9373575609053326,0.7854444405459936
0.941038122539572,0.6238724698126072
0.35239615160077997,0.17511214537299247
0.4407584594204176,0.3694494309974733
0.25448868285680093,0.13612682170460844
0.02839849049204391,0.27603125061682465
0.19425078352542546,0.08597774392467161
0.5416784347971179,0.7238226594600163
0.13814254742877005,0.5662952847696782
0.07737338138600362,0.5637854989637558
0.8970394628697702,0.7479073490627517
0.7590854862255331,0.43294823848105934
0.4739694552241892,0.5506673710357645
0.4939501737787041,0.5905608889149966
0.3199788255368776,0.7934201187149941
0.08651854782776533,0.06815676309036307
0.7342502705490486,0.468853573691551
0.2667455686549779,0.8808578804699913
0.9945468397419882,0.6563438180732186
0.815317727879904,0.5472595729764511
0.9641625962539756,0.13254194541203776
0.22071528818492447,0.7318309307405083
0.5795205916940422,0.6415053119934958
0.6382216598687411,0.18230309020248547
0.6683330568335544,0.15435707644806967
0.47017847096869825,0.8273893877905696
0.8195809071719077,0.6944717102444087
0.40806031312016067,0.02214368841849799
0.3079082079364297,0.8263569142023528
0.07599871797795693,0.777029973261929
0.3956024671828464,0.41981584564776764
0.18149372054336466,0.979922292375653
0.8253698095916076,0.8300402152373554
0.4602886785721575,0.2243427937561987
0.8353335468135965,0.9084023782813537
0.8755648200561088,0.7284291749381806
0.5819686419783899,0.3009193166093652
0.1828705042116655,0.46442750593772797
0.6257021915823353,0.6888504354218916
0.17731072031359185,0.6166033754044677
0.743401163683307,0.15486810026270748
0.5380471231586637,0.6203953343660159
0.3471013057041802,0.9180556862727712
0.2646675919219811,0.6226675340901233
0.097632871428745,0.9939575920980308
0.17964776266910287,0.37267076428929213
0.06915135859899497,0.9734724489448997
0.46758720447306434,0.8439684531675704
0.19253727792118136,0.8582907135383193
0.8103407668334186,0.7720901281783734
0.6473765661339055,0.3115822865307992
0.14683139173000614,0.009979545494042872
0.813970352760538,0.526022934576031
0.44782482966963455,0.3638298249079934
0.30556321530840813,0.8423549023911205
0.5019372636394701,0.2623635546085955
0.80050179061392,0.1365292870401411
0.5916832494942451,0.11799447278014503
0.2780534033111386,0.6490983090121574
0.714233229735529,0.9780727331521304
0.3755275095201811,0.14755296417965616
0.665181877553034,0.06499153877971085
0.576904325688312,0.7000985379417044
0.31465172889570114,0.00799605088244592
0.9365875536274332,0.9237085738425418
0.07584586722449443,0.027157403997401523
0.3095767597685163,0.6394098332503784
0.9763283984686262,0.47109075898208375
0.9727491884358719,0.17261601827230022
0.6120992884261991,0.949892833435342
0.06895344035546962,0.46152848720817363
0.8947288688017273,0.2198581627536661
0.18537178296317558,0.626216282329269
0.2813863314344941,0.5053179393808003
0.5110784948543708,0.4615782009783791
0.10526128980250547,0.7021733841465061
0.21150741229753467,0.47944380560742306
0.803760035238923,0.2466055849951574
0.2167254467867884,0.12196146418748595
0.4863864896270701,0.7125694500154944
0.6503626437103114,0.9305693585542394
0.2742471730410214,0.9067574849762012
0.11980931390520594,0.40200969299011957
0.44787254908504925,0.5908549838714904
0.5072990463069863,0.7822592487124402
0.7879880581247033,0.19743076210205923
0.6906207432372605,0.404253833187455
0.04569267534625769,0.722181177985214
0.6840385963186562,0.5735371075654984
0.16199259462490512,0.755203747106853
0.8461885630160191,0.6714079966083333
0.9300682624166858,0.2818861196590774
0.6315823155312327,0.18116251790307092
0.5854499866021701,0.6991014222484568
0.8844917851805613,0.5873722068422884
0.5168533925302377,0.10382385623053832
0.4113497040680377,0.8725960142808763
0.16232229909742413,0.8451801308802954
0.8442110809936174,0.4057035624546137
0.36638801998838766,0.4249178478569041
0.484947474523018,0.7930031919300007
0.30766137925262715,0.9761364857720172
0.8283928196532155,0.2087563672832935
0.712464729864064,0.3786243166355525
0.6770481932106838,0.02627726445846336
0.2145363740781029,0.9565611861867255
0.3327469718608844,0.19417240207763165
0.05140559496252619,0.5549417621514567
0.37211230317831523,0.6952073550864624
0.004930545663127627,0.3229596089478457
0.5485897975813137,0.7545508801752201
0.906677905349967,0.8452437849071281
0.8467936316825942,0.6966809581534674
0.5375319184970787,0.9891892731553498
0.23519723995841813,0.8872953323292949
0.9151238148624757,0.7993375393651398
0.6266837754787868,0.7188110457025172
0.2151208428689384,0.13110148589057974
0.4977960380352171,0.22957941663954118
0.21037859147562232,0.8146060279976014
0.016965053505069404,0.06602854726485088
0.17967773835863343,0.6852354813523862
0.7645425368176583,0.5685275698484672
0.45962602810639797,0.4782035816785638
0.5665982322731271,0.2492902946791561
0.9352492942046615,0.114061141721105
0.936546249549006,0.6151284122799241
0.27206013963865183,0.9425726582641529
0.4053965072828838,0.5154235833348058
0.828090848063086,0.6516714304911722
0.7264928403403008,0.24141009802499402
0.41636630263735497,0.8642783936289751
0.3448781159491332,0.1619454516327733
0.9848910141211935,0.3620190391256076
0.310708246988576,0.4024950288405995
0.2576383294385186,0.6726895316718742
0.7468418196980681,0.1446214264335676
0.897461086676722,0.17760920762611998
0.05678095122863881,0.7450448690852407
0.07535113520121678,0.5263652270419414
0.9596866176275635,0.02657249997513243
0.06581188632025263,0.37749267164328193
0.3176212424843944,0.9367576539467797
0.39774651497267544,0.8065384795498618
0.5027632537204372,0.5908070034228232
0.08072148399746333,0.05358268974634441
0.35072030286247446,0.7608936055551117
0.39518768971635254,0.9121984210121605
0.8750081775813541,0.7374990608307783
0.1353465569537459,0.47465539108442256
0.9817151395447776,0.07853696637228783
0.44855082826159365,0.10399753196321489
0.8448948329516348,0.7615125111812225
0.836532651065105,0.9265503580381846
0.39549808452352075,0.43354889858827494
0.4487440435022061,0.2167414888357494
0.3630261958862334,0.5357696901042062
0.9406248863235408,0.49229634215137086
0.09367919265523196,0.012948446891167774
0.5243140827553201,0.958807032215109
0.8700845084419495,0.42923851365015075
0.04570973179111728,0.20123543145193967
0.6776816452375699,0.3042358831436317
0.2304686947825605,0.08703176004326962
0.4415832070335187,0.2206159468119191
0.9679208929915185,0.5190186653577497
0.17582828815793727,0.8540292813786744
0.0006025361248599772,0.7142543963124609
0.5973155341444599,0.17415292738713506
0.8227291567053379,0.3177360210601815
0.9343779187272504,0.4330846018767207
0.9257606490458536,0.7431169140130707
0.611087308559221,0.9913791895757467
0.6325363911553621,0.18607446758932322
0.4340252938475392,0.053349675124337546
0.3604220345177146,0.972404866011497
0.014737011135892387,0.7562784642358247
0.524788521318331,0.9937633800512988
0.3744064619758878,0.9862763516317082
0.8458998907871715,0.14220278151909774
0.2422079883910374,0.27471923864897774
0.5509891593568477,0.7374072602279662
0.965609848272104,0.17349849594146838
0.8962135025410465,0.8501374006411166
0.13905483930521612,0.041906818191984094
0.5309268071396203,0.030399101494419288
0.8412410915004565,0.12594415046538276
0.5905606668362662,0.9332145942194219
0.8885591293732562,0.3772953837659899
0.8886362742431024,0.41435412984775954
0.6145809422576302,0.8453021116663224
0.0012317119256017395,0.1826226908124654
0.7463638042530298,0.39813859911341787
0.9751388658202925,0.6909690640468356
0.6850725359081471,0.6873217191441221
0.47750952177677364,0.8214570803508431
0.04469424151419252,0.5250307067754901
0.9236806628454252,0.8255301240126658
0.6234301618838394,0.5967811767336648
0.8761460211795591,0.32205987446711726
0.17150604485719656,0.831500699877231
0.47795296464545733,0.6914513822676631
0.05333087056550047,0.6091337718286292
0.5897736618467637,0.47685825381088565
0.8067667701181935,0.6690577604674677
0.5267813450011724,0.08267435491659889
0.8800595897482462,0.6326815396573033
0.07820296435496446,0.33965677663573945
0.49635028925048297,0.9868052422770387
0.3380772540730749,0.3623716112594694
0.07518136392539522,0.3297806437509351
0.21177606172352248,0.3669303071717732
0.7650980567989397,0.026304144025836557
0.13176638229616,0.8699656066651201
0.6112585199818699,0.3639262591542285
0.4829742085314125,0.43048275007403713
0.41716809904512964,0.33738455818451907
0.4429345042899384,0.7961478506732564
0.3031726160820978,0.8846950040242526
0.4578107479630409,0.848177194482479
0.32204599054111815,0.996283034647771
0.716371003977031,0.6010634471297429
0.8754566762482088,0.4998312863364056
0.75679465994523,0.46043131911136614
0.48075289395495147,0.5810963142687331
0.5765346843143786,0.35359034861304295
0.6771683844417005,0.6669320401583954
0.8133804446384587,0.8676560563906265
0.9635358380180191,0.6293186436359486
0.807460182093845,0.1166004257098691
0.23938468287010517,0.48880012491566105
0.011214487971714203,0.8820102905613045
0.08654288062437175,0.776118714805884
0.8026955002085163,0.06432735804548122
0.5066049552934169,0.6014081536622695
0.8916431791916488,0.3135563374999779
0.4904079146780608,0.43669939519455725
0.966912320232583,0.4696819985929124
0.7906406178283485,0.155475233756092
0.014675686477924076,0.08767461335585254
0.22074113343168855,0.6664067599245478
0.0033409338075241855,0.7461043252082917
0.44901332753488776,0.23457022992075915
0.40741517026816565,0.17790925933419488
0.9994530401861942,0.20186473294288476
0.2523938613088893,0.01190331875926612
0.5364335484970051,0.6377081918896392
0.6045600753427927,0.266301477482519
0.5675333528859137,0.990213960453109
0.5451626987834964,0.015428041922300672
0.7224117036240334,0.01876125910611951
0.79210821803685,0.05519470019795497
0.9905051752150447,0.34064239186534273
0.45719855232143203,0.3889100344525145
0.8605493780265321,0.6226556739827684
0.8808617977032979,0.7641870799352537
0.3704888778273995,0.49930296035979216
0.8986841667476209,0.15838637732962202
0.22762813393819026,0.020980679377807433
0.7864713337723126,0.8557691727138858
0.48992520076374146,0.7643425323776295
0.4174458143977613,0.46821893235985856
0.05247322180907615,0.923026811231612
0.3363552482916746,0.9773983657530915
0.8003340185096239,0.8025305458651432
0.6334054246643277,0.42573686724871806
0.6497489594019683,0.9973946508333089
0.06747629470408477,0.06349975665352928
0.4556071313745583,0.3577731584765347
0.2307736005727703,0.55636403116412
0.21024271846984155,0.8101321156340119
0.5548504323893206,0.21545418667508098
0.9512341344029538,0.7907417284229782
0.1694221513745915,0.2812608654678239
0.7752805364909994,0.0313680913406279
0.9412075489108931,0.4679950550173235
0.4542704792960329,0.15634495216904087
0.3690323897147696,0.793737818071436
0.6816467084251122,0.7400250417774992
0.14598264844672326,0.8725157891726175
0.19950755692595945,0.5647372190831389
0.9016500846146208,0.17305034225870675
0.029631310199879357,0.6248571041557116
0.1409705979371245,0.5996666983784578
0.6634409292652659,0.5153703296457168
0.7761446934576763,0.05401659212411405
0.2325301569298429,0.8064860184417929
0.7684299716982732,0.715162699485353
0.6318917113090712,0.23474450840444427
0.07871475886605094,0.8292811236828866
0.39359957683750324,0.992064041685174
0.12383199994353086,0.6492296469013248
0.6286644482295293,0.1477766717892639
0.8648865003531947,0.9553161792544037
0.3136773093606522,0.2671922035386085
0.38431542569064236,0.4165560760534416
0.9375021266507846,0.03001331068023311
0.00642106922111397,0.3450001704039045
0.3608061981219701,0.14910042623803652
0.5928801264702164,0.4426909874095768
0.8892920368534701,0.3436102254317396
0.24363951430029995,0.5836362545515817
0.02708409970475052,0.7779218277506663
0.9396959869487086,0.49374853561444265
0.6884132579236248,0.42058110083826505
0.32903489991503565,0.525638415837036
0.40724488266622105,0.772095580217538
0.10878410617336436,0.596624363109748
0.6024429950098699,0.08960991941917525
0.6983861498698933,0.2775491391300675
0.5542646884494697,0.5369447554678489
0.1662212924483516,0.35577294422244155
0.63474333239668,0.34854413228975956
0.6077204774025924,0.4113337676068024
0.901252853396202,0.29180260592296103
0.8760584462734267,0.7065898626137312
0.5018097400602486,0.7150718509779537
0.8336033739821677,0.8246457399920005
0.40221582465472716,0.6542782709413981
0.9743958743515768,0.9040472390148022
0.6335699256292318,0.04795028309585102
0.5929203551064087,0.46367844266286073
0.44186471689326334,0.7043352236238112
0.8853537498763585,0.8718875169771366
0.7474335961173514,0.6683103293696455
0.7549184167706181,0.13247318432910313
0.21002692993035055,0.870689492999293
0.11591532954135568,0.45549839096987177
0.9466282647623612,0.5376087522120732
0.9033939166607586,0.049163672112937734
0.9871623397037442,0.8518070570334396
0.001879440101140536,0.7027997130271684
0.7479105943612459,0.8432751096843234
0.863804309735638,0.9943460172547999
0.18690509977556224,0.43190729631242364
0.43187140738163576,0.6760460958940264
0.9704441828255217,0.7778642155398502
0.7486040831334027,0.8835043737453498
0.890032411966782,0.35609680453660597
0.9950705709432177,0.8502595561989827
0.2539154508286591,0.8642627491560295
0.06097643354585759,0.3826842399644279
0.20000735719550022,0.28145788608279343
0.6104493253896384,0.19788876031243197
0.10569615452985129,0.38461720823058043
0.9792362450667413,0.10401786731736416
0.32913811453968367,0.8052194133848563
0.6665759800963278,0.9709388975705487
0.3876752683903607,0.3711185575020117
0.3529973028462978,0.3293142293780661
0.9652033351849956,0.23681535661515063
0.13229188590937396,0.8811887617527996
0.24258506596204032,0.6821019737665767
0.015163647094976945,0.13199122498677346
0.1569608798113219,0.9105732442499082
0.38137829251919253,0.5927772656507593
0.05212958754998632,0.4729029417739581
0.241538758495765,0.22309250283379323
0.34966681170015623,0.5238016771747113
0.07067380747365341,0.3704237582685931
0.9050081944007812,0.3641445747718477
0.009083548233289291,0.09996754801631046
0.8814674700779057,0.10979762460398301
0.09177698562969214,0.05273311712781087
0.03770190100728224,0.9908016989350786
0.819794895062294,0.2928552141550249
0.9790837990504548,0.18820282181297054
0.4578009965370937,0.23584187990961625
0.7179301627621522,0.8315641668812218
0.7145911379865254,0.20792725836225412
0.4928823238976797,0.19060302483602687
0.17104559396305852,0.11657729637414863
0.5743695834482021,0.1456119847205227
0.6606592023807578,0.7544991290014902
0.09898025192382225,0.42205015670501944
0.32386119078249653,0.909753059916872
0.9801210452880614,0.25880612588070706
0.5399151051581959,0.5124731162022151
0.5707560795809996,0.22743659683905915
0.677278229174355,0.7095144230241294
0.6014160360172507,0.178745938889595
0.03343497292908022,0.807727229373999
0.9268012518894984,0.9982303273759567
0.10414642177215251,0.19260997586904616
0.5644209139310387,0.7011300941353071
0.572573827164301,0.844587596328957
0.08345503633575865,0.4830178962149304
0.8464146249381239,0.47109075898208375
0.22570822013334646,0.14552783802440175
0.8125681004325827,0.14443108714813566
0.20293426506780177,0.0943966425051646
0.3824272153950773,0.6149766868808546
0.16433342604722168,0.5643730209352956
0.6640952594007834,0.04233967268892587
0.6082080497866896,0.753210364988673
0.0068021880892760005,0.09577666040360741
0.7312559744242618,0.19808607741652196
0.15466827518763196,0.7956676470525956
0.11992326929463701,0.29098885572449706
0.4686319618084831,0.6948650379580124
0.33414641246750454,0.37804529455767544
0.6000635973255054,0.2015358551169697
0.9985065618480008,0.6863539095655221
0.603943376194945,0.30238589654459813
0.9147249092353096,0.9223121811269149
0.5901077578657025,0.30199388511601855
0.7845841482046728,0.5971731532134937
0.43483906628809266,0.6355862097511304
0.16145351297554578,0.6616735817474277
0.01841424884089744,0.14717313891203584
0.3502977336455102,0.6092495571183365
0.7979028172113554,0.7724269120832503
0.0741813020180894,0.5783593262014814
0.05676936268442544,0.4398925060919251
0.265669760927877,0.2844717163089089
0.19184075398072764,0.9019266616251627
0.5756104187660059,0.18189812803568317
0.22041118646888824,0.49750090506354383
0.5900340682197168,0.8639486064429758
0.309111164828463,0.8729951422531073
0.90024056009816,0.986330028206899
0.1674186949836418,0.7444407418436174
0.18549353214173336,0.6955002056783712
0.22103172861299125,0.1787987530866093
0.292924323138663,0.6459989828205746
0.6401194502265503,0.7452399434559719
0.5358721945439981,0.4488128300002098
0.7873565278126782,0.4019688423871314
0.5141898018089616,0.7222555814858911
0.5535540985096221,0.7295722963726172
0.6980774258512025,0.637664735974071
0.2274584439063011,0.5943472369188123
0.26192114224002905,0.42260378088389394
0.9351468620013756,0.812989631618028
0.050476490760994315,0.312871144760383
0.48297120962941886,0.46546192994543556
0.5240075162987847,0.5474216119943323
0.9698504501086611,0.7612181227763604
0.33450709713893845,0.9560867017974809
0.05852385560490755,0.3041281190464047
0.10823145027147467,0.6117716764194492
0.058891894403298096,0.021361964549862156
0.9930517957918131,0.8236930877568138
0.6095318623482138,0.76860597094793
0.29778805723840573,0.2097692057493049
0.38415088837060885,0.035399359338837234
0.46209248582147866,0.12515464523756495
0.07651685149183751,0.006228102946839039
0.4887395425064972,0.9528006776866441
0.09666224362428627,0.10862891649531228
0.7609179096725616,0.3428557246573458
0.6087512398188684,0.28261421933592645
0.3144893414911418,0.24068449461176733
0.9181528113733665,0.2157538956781957
0.5091659732317793,0.21795254714685075
0.5186320380320214,0.24636444169358007
0.952464223964843,0.8075334370241243
0.9954178204458859,0.9854613107133954
0.6870377027544132,0.7774193534804714
0.0722249469623246,0.7259676181430774
0.9145428598786269,0.9962293531565165
0.1315462072259662,0.035997843268177954
0.7738394209966032,0.19274005356115376
0.6506631413411503,0.33120163662732216
0.8034885141129187,0.9259753538892951
0.5544607660114105,0.4932109075116361
0.8359192753717464,0.22535552703081407
0.5962344392688484,0.8747211985008012
0.09156354939255426,0.48039604907543254
0.18492548939760967,0.3961176783904612
0.39592729860591835,0.32795863799066405
0.13681458498536256,0.5676552702292696
0.17588820372957126,0.48567265097608736
0.36962070008641146,0.5636560742124523
0.97136604645139,0.7384060515922545
0.0016372918069691275,0.3181943703942285
0.6742051601298353,0.4474226581089241
0.84618130383881,0.2214859771019776
0.46287715863810974,0.14666277048528847
0.18791429756659117,0.4800240840153769
0.6461520282023474,0.524494054736237
0.36816236978649763,0.5931981491777567
0.11866521566760692,0.3929755190831413
0.4346255214731104,0.31057219593567753
0.7315768854659206,0.5267504219581765
0.2844239833914939,0.9120001817918671
0.7350263295639186,0.8823412452718863
0.33084439793534204,0.913405023576602
0.46359269531897995,0.44291420719970154
0.2843228785677525,0.3629099318329462
0.28892040464721913,0.7033471078272477
0.7373590379171213,0.901160897798596
0.5700567983293519,0.8666663224895187
0.15563779485692672,0.8030118111734341
0.6869233912783321,0.7598794241092046
0.34058444817576283,0.2880248870183839
0.2548580539901062,0.19442860495265912
0.6353415436046844,0.06724677460027302
0.1457125516295432,0.790752368246601
0.5156852187879015,0.02023984103124224
0.10453965452719993,0.007297099772166336
0.21421434697752673,0.24555826116206925
0.22775776613789134,0.20915313437748406
0.07715104200858358,0.26569328383434665
0.9825544587439309,0.39565689940686777
0.06710177125588512,0.033960701219128434
0.5862958350578978,0.6634891836244461
0.33829292194025995,0.8502171466285307
0.05245992246769323,0.33336246307284123
0.6318663021475427,0.670242955627351
0.19485186844440727,0.3815310734109453
0.7063483257543648,0.43617423259244925
0.9284494305441041,0.03553565515996193
0.9319911870782295,0.5525663223404644
0.8727592636911596,0.9653110900637725
0.4342703056551087,0.3825118349607791
0.42089365561431813,0.48366979606926386
0.11701517805155728,0.3677830688496764
0.9414860230887854,0.32975985138377883
0.4004377033892589,0.2931202500112493
0.6111122165971234,0.5775097005320595
0.1230212087079585,0.024981512155630357
0.853585739323159,0.33397088754011406
0.3260368286388282,0.3028130859018775
0.5528818457704772,0.3616934426858418
0.25246225190780625,0.4438787441102803
0.7110425405038048,0.41164561110573505
0.753670625407364,0.6990619530543164
0.4660295619606095,0.5175606108125773
0.18503706816067267,0.4278346005028675
0.0906448482122111,0.5822225862622721
0.28981970268839796,0.496929306977938
0.5300016193959152,0.3070009274664789
0.07643355162118619,0.4729843088762946
0.7466060681878786,0.003460307298859965
0.8872995637278034,0.6905653365024476
0.015494403962433357,0.2283350919141507
0.04537193459597447,0.03370895828355923
0.9764526832174882,0.9303275097543934
0.23109986889787826,0.0810309121428894
0.7592612303609642,0.9825229613849198
0.1632301909211722,0.9743944907345263
0.1692795571571185,0.9611832078149736
0.085923110932356,0.4038507479096931
0.6629125818776507,0.11872552854543482
0.1361543000658389,0.231773544963505
0.7420450498190994,0.27143787906207184
0.22818649985971828,0.596430713781094
0.5651713550000272,0.6139075285990709
0.18872127257160076,0.8083819636734353
0.21284121222374552,0.6957586738499335
0.1234568620604,0.9162637308963643
0.8122095824552099,0.396348022170969
0.9457765872721909,0.9594476809039364
0.8143767630581109,0.7606672886626422
0.14548865582826875,0.10594190582102675
0.6018430867479752,0.71666786863349
0.33984089923821403,0.12691617585031756
0.3217593446118916,0.6657874560372729
0.8646634625766232,0.6944717102444087
0.36371732930684963,0.002334453998517916
0.8832724316880105,0.22557167505796516
0.5134226014681457,0.3820742488285217
0.9448042485925381,0.28937968013144344
0.3255580656109842,0.3200037304429849
0.8192255523854117,0.06977626167888104
0.7037335313955095,0.2581071897035375
0.19382645531266285,0.11365219378657994
0.7572983671060963,0.31332940114982843
0.8281953506189966,0.9451448077654018
0.08841014019934251,0.14836477383543348
0.3408322510963173,0.6006400346832221
0.4706200469037216,0.5118012783795788
0.4948254058462187,0.8543366573223724
0.9088216585812051,0.4981057919327868
0.13824551277390337,0.08939717951369397
0.5667003891709038,0.45949489403514965
0.9791260376662005,0.8705405358180961
0.1030894955911914,0.7681875314136554
0.5663276914255218,0.9360368098214784
0.4764539319295997,0.7637229503860358
0.6850203200399896,0.3581618012743806
0.7391881634253568,0.45317419137769
0.15622600009003115,0.06072438662866206
0.4764731222696016,0.4861424417022713
0.6707874693997872,0.27389032756468124
0.24042917134189445,0.737974493695694
0.8446793816172,0.6525546156382817
0.2521278120652931,0.8852819860013194
0.8238867309909643,0.6453320556564386
0.7646035243562939,0.16090118799473319
0.8713086726436658,0.2593500714049094
0.06186179593289989,0.5851472918417797
0.6844266129235843,0.8739008581083588
0.35915919601949853,0.053752842883233926
0.23117852498079827,0.13798080003563234
0.45639338710713795,0.7115031396615732
0.06896225388029938,0.8347405984548181
0.981760686109137,0.9802620676471615
0.1834399386331631,0.8630666587880453
0.01666275982512102,0.10924478596856722
0.12080565636593214,0.9438751519396162
0.869231674543252,0.4601164161894704
0.7476453587005328,0.2746521248952055
0.15004001264734926,0.7476197368034609
0.12033949325990219,0.00898347067625351
0.8104093346843961,0.6318155689740546
0.6810933068930143,0.9871502106337788
0.603912899203644,0.4740732749217923
0.4528169629994885,0.6720407428623059
0.8448883548293219,0.5519683232722984
0.3316239773607049,0.847261056295102
0.08412734639280417,0.2553906613381185
0.546434137794092,0.03737049766971623
0.6662015234706731,0.27479267378436356
0.5432735846663919,0.7142200996982223
0.021264324335196334,0.873943591096987
0.7361537622574514,0.06836847307071729
0.5084055734784768,0.9280009341924642
0.7658977402396937,0.5894330264857035
0.30854935471262324,0.42495315947831336
0.2040475366483342,0.9449510510623764
0.5501443163320279,0.30180830730213004
0.13864731937896702,0.6488414758491623
0.9141300395481282,0.39722949884677294
0.3335689346524233,0.3037283427168167
0.17148624959136738,0.0684373196928277
0.5432405172439214,0.4238393857145518
0.8325123751824193,0.29850941268011133
0.7816955022312438,0.9226350361957563
0.9499437587514717,0.7966068485593765
0.2427281200134911,0.6792858502224215
0.8296761621478617,0.9322521476627958
0.3897851478302522,0.7432900033566174
0.3052513572752179,0.11065141783524103
0.8479896337791262,0.4398925060919251
0.5168842190565434,0.05265013866689438
0.449308066169233,0.7551112493647637
0.7324020311537383,0.413741252248919
0.058438965949777856,0.701028502434629
0.024881606295049326,0.85217314124954
0.45677061158175625,0.9608870796327186
0.4930949627546848,0.05089414719394298
0.8458681909878738,0.5921882589798717
0.3170261781616075,0.17055732275042446
0.5538543147580386,0.9957157654338642
0.6679937227515487,0.9827810908786861
0.4569245692494964,0.2780409059742368
0.03300136301962679,0.6114362163975898
0.7097035236086608,0.17684103337252943
0.9911001784683113,0.0890430568691236
0.6099577054413678,0.2999106591062797
0.6676157631995603,0.7519684249238021
0.8806233558287095,0.2245584847521127
0.5846657609194006,0.22048543242534746
0.10036677069064184,0.5803578541874672
0.5997548513582884,0.32259286976227863
0.31003917954909144,0.24963814175071275
0.53298673546947,0.9386506564661379
0.4309274045122601,0.07163368997667395
0.48121719206781566,0.8942214835210368
0.7423942234658467,0.46031412605106226
0.8017855836657783,0.7056458777940633
0.8502295159507021,0.6511248952013291
0.23163159898571384,0.30420036548182705
0.8921941672334982,0.5311306235764293
0.5303128519598186,0.5589396527615786
0.448520696078589,0.6962704805811388
0.6413995003084195,0.7682035639446329
0.5317762593428361,0.8746783977595879
0.07054662312995445,0.443733905358787
0.1566380461394649,0.43792015825441366
0.42452518980571896,0.7236456663399453
0.7519986555462523,0.44547375241674225
0.33175263003053435,0.3505878987771949
0.8991058873455006,0.033266916080316025
0.034558167565767434,0.5188277932233081
0.5646939468865577,0.17619850623075795
0.926815275913227,0.4822274187539204
0.553996970403116,0.22698219536188535
0.7027942540480872,0.7367352488853899
0.1835027571120168,0.6804508454489908
0.49260809135589434,0.29882055406877805
0.22240582074001358,0.9325527587234768
0.04490591042107606,0.4117149287195969
0.38046682192448167,0.06777155429910106
0.9087302671661046,0.41714964321905634
0.8292995496236826,0.6947863711303057
0.1755354402848861,0.35211533190438327
0.9671284532610492,0.9710359422423033
0.5039412231388181,0.43364953222719826
0.880283277527863,0.948428864952495
0.5537056800951418,0.8274368012909423
0.4282200987000887,0.27353110906590283
0.17277160168977168,0.16079224225635336
0.10767728643525327,0.6399056468576179
0.5207478725445057,0.17105124426612928
0.19612730334589357,0.8871887462130857
0.6382344492506957,0.5222304965121097
0.3109215229231609,0.7767249614564007
0.6755320392633986,0.18598016912471182
0.5772834689398488,0.9350688920114824
0.5956160724031405,0.6103638197683067
0.6998162589455721,0.6124120864409699
0.8288670997108097,0.3851895796126069
0.6107356292340967,0.7130344168637217
0.5861950142201404,0.08412219618884127
0.2447665998542189,0.6724847056476737
0.2341326448072777,0.25057901028294494
0.35591158759965236,0.9966126566285856
0.5703042167247607,0.9206107603027763
0.3779109850369827,0.3061803647305469
0.6989444561021932,0.9411837004596447
0.12796416018067305,0.8338485858654906
0.3848836252063462,0.6072239043908181
0.01857384288058607,0.22718929335519455
0.09625211497125938,0.4917978965596189
0.8508832410053098,0.7506862517348071
0.7153002995611217,0.9720166662020561
0.6262525390731613,0.9208851147521293
0.2746772160824459,0.6477913409224866
0.5544788495859021,0.2695461007994536
0.4293291017860881,0.8024417721816418
0.34111409447825736,0.4175972655132595
0.5411640006368853,0.4934412811243609
0.9874167072690933,0.20207313981467256
0.957851725384208,0.4269065390897462
0.524588907185273,0.33803512491483967
0.805570261679803,0.6031341467684455
0.6805269435298524,0.3235625538627983
0.487096607708709,0.9846360301252561
0.4659528080459133,0.2546844956759584
0.5135025052243827,0.01015442778214946
0.8359883049404735,0.14780660229314208
0.015369495940965023,0.6827327090439336
0.1523314600228939,0.0445465180599252
0.883867773783468,0.07173909400291328
0.07950551271059111,0.8028599767781667
0.3561730225975259,0.30279117850863857
0.5635272740357392,0.05595550714722713
0.8771818800590147,0.2852114816046172
0.2432218187189924,0.5546093994443047
0.9344761710738625,0.45418133851044973
0.7658259083847925,0.7600755234938751
0.442974281554281,0.34400649287439555
0.1834783354742806,0.14944812741344993
0.33530776338257595,0.8094558829522938
0.6997669222085227,0.45520926919784477
0.7476657039520159,0.1679847430595085
0.17209437724234455,0.1063685509169501
0.15930034395665293,0.6364601746878286
0.43914759227279343,0.6984872729447829
0.9949363380029282,0.03723363712414056
0.8687082835844231,0.021974842976192205
0.6365861526923648,0.9259270088081283
0.1257846748424961,0.4064254716247345
0.7789699202402205,0.33027064095517666
0.6704931135927852,0.6862084162575834
0.6341739558326103,0.7106252448867505
0.09021439447942202,0.14818787517101625
0.7269994397623935,0.08252455738820184
0.10801132484192759,0.18768564857869252
0.5808701866611858,0.9749231959594482
0.9870488083075646,0.11085732180945239
0.4719374028838653,0.33645932806248147
0.6360318284760418,0.850932648078286
0.15019856916176977,0.20465817548348553
0.5839671531360439,0.4054420231006529
0.6219708663799199,0.6738116211187775
0.3442633929713723,0.19324715332987885
0.05610185981368198,0.5549070060360648
0.20633328192879752,0.793039462632836
0.38266293077646707,0.1779811345426482
0.13282176234125895,0.7815798056841826
0.6859960782540485,0.46397542574794715
0.04083428804338727,0.17915284944250953
0.13715317578651964,0.819327747199734
0.6007182907766205,0.75501329864508
0.6865054103406867,0.6368510085183838
0.7494424210003907,0.3092387202609561
0.056511876875755075,0.09284968674677375
0.46125193873311565,0.722170071541513
0.8938967167247077,0.07857828950517981
0.9974051642922288,0.3149537892653571
0.5612809647216344,0.17404371261427853
0.33968679076850605,0.1827022656327607
0.7690776449779593,0.2643245198000852
0.7040630546435545,0.6335794899516292
0.082128913654664,0.9438267177845098
0.6684009367643241,0.4344002633851769
0.32050059720451274,0.17991521936417687
0.9750154722475318,0.15556373284980315
0.6870702746471666,0.013482294957279444
0.9546988737939275,0.8838938287799619
0.45883346652207835,0.6043341118028702
0.606023113412502,0.1968670850172769
0.14657106462364458,0.12770525063604918
0.9228276591603041,0.9977550361911598
0.5168473492805274,0.7313165128897419
0.45711566733101605,0.8753769637336416
0.8826279227113868,0.5933959137456667
0.537042382111062,0.3288619624559962
0.8406749515089722,0.455613457480296
0.10024626472516833,0.5314499034044271
0.0828924522516048,0.34245053401118297
0.17836968157596034,0.6759013791936695
0.08665306853498275,0.36974619255103913
0.7234190244117813,0.5765415034725774
0.8035096093649203,0.9924192751598935
0.11186389685669024,0.9774954358288508
0.1559607460759774,0.4125885862451265
0.8378649069383451,0.1998100183573014
0.7951339957048492,0.011735965605211406
0.2663690874000728,0.9295052721284272
0.5778810521492042,0.3403033800275359
0.5743907494989138,0.5315634580976779
0.09711830096232288,0.920992121085352
0.15739080503123193,0.21449568021781495
0.2203148532982413,0.08981148526247558
0.3952061760921388,0.6386210537875234
0.7694276235049105,0.3991455349656402
0.5559937760157732,0.7885394878183971
0.9984750935355219,0.38971436817969607
0.07086678930085888,0.9554131361219819
0.468314063903554,0.2046798883413784
0.768867297161385,0.4224215185148664
0.8012571820280439,0.8325611289550238
0.5178326370639961,0.8310895182412459
0.03219677190336633,0.46318293747414063
0.7450970578808336,0.09139855505693582
0.16188469132902228,0.49556833382380316
0.08103986753956531,0.37788743824255344
0.7674502612209094,0.4049741812716976
0.41212645355651334,0.27642005717928575
0.7792147674936777,0.373559008869106
0.17126740688988318,0.6475668412002926
0.07658882353051508,0.8582323953844334
0.9236980013349779,0.1749960468900713
0.3369244181399589,0.17049395224591368
0.28460227118839,0.02849401831443163
0.2507219626064291,0.33635058577208576
0.22381146694805598,0.14284228161141194
0.9573021909456807,0.9004760073511427
0.0755076711999989,0.47178429168707325
0.233911316281741,0.4674110573162231
0.6733169261266149,0.8818765647396188
0.5007420593255685,0.7004536323389909
0.2817419305620993,0.42911877012867505
0.33373594036603493,0.38258475634710576
0.04902802180920868,0.9010593536229675
0.5658528002514225,0.16179300142575892
0.17211932207886793,0.5888396882621645
0.4039694452802487,0.05443595511447937
0.7648339341003818,0.02467844205056782
0.3994057752795287,0.9428837151867754
0.5921928429102139,0.08758975497618496
0.45617486495272175,0.5304399794940493
0.12377314471275323,0.4730466242189644
0.526581117015463,0.3900498058260684
0.9072171601834833,0.3076273832991536
0.43621410728912546,0.28869480740519593
0.07826940115883964,0.7534876520312495
0.879355785806289,0.686074178442782
0.02948945982417956,0.5379483190302178
0.7757738508228731,0.024320951656445676
0.2612976193476573,0.6483600771172625
0.15133363359803798,0.4633008499650112
0.8138116540328246,0.7158043388521169
0.5379508881811083,0.9943996957304904
0.37571383166042915,0.5378496744866135
0.6254192231816629,0.6884528276766324
0.9864041225200668,0.4336982583413934
0.1548444630899194,0.5515022956304192
0.7885348414045641,0.20394426285307188
0.7344709313766984,0.4555098097369694
0.9799047909906907,0.8955158439113128
0.2666897023706932,0.8177617000108534
0.26773462814884275,0.3081111351675411
0.8106807128952039,0.3653878740123143
0.6008418489236282,0.3630268282424358
0.4656082435236413,0.4355098575542138
0.28760413371955706,0.2892412394712143
0.9609009174091809,0.25313301255113796
0.2354527824878232,0.690615707101037
0.07171153925714353,0.08520315710778772
0.32949273501276277,0.06525315380739567
0.3557950503054408,0.8842678156493895
0.4111857330911671,0.4573124967311535
0.0204706329974535,0.18751616109122504
0.7454130443876938,0.5499362496152136
0.05556151643544665,0.7356637624056925
0.354391117319387,0.1436027315337209
0.63474975284157,0.9718608391347443
0.912183328064123,0.27281897976635217
0.1691298170131713,0.21005892177629648
0.4748517625263815,0.3185346134622714
0.09729526927751238,0.9866264390193166
0.35312877490670724,0.5194711072981277
0.8276285295457475,0.3991245112746624
0.7316200670971595,0.5586653466111915
0.3072990583873312,0.8371167879890943
0.17473566524905093,0.38462377928268787
0.47791631198201623,0.01446337641123632
0.9400090574375637,0.07243223578273246
0.10547760662532274,0.5371143622359593
0.4356020197805277,0.8682412330483883
0.9433632817660083,0.7885286480121747
0.3156792971143796,0.2576022093530732
0.5593972168302325,0.8008422289533619
0.05723599684555824,0.865756794945437
0.050259255041326625,0.2616131879687439
0.5499456014746658,0.666710764390574
0.7587575632830824,0.40177054295123604
0.9006204382588776,0.6448691587256383
0.35432428335558785,0.4755022806669025
0.3102327130537943,0.4773224876845237
0.5751804860952703,0.2290543260480602
0.4373154556487341,0.7295832742130057
0.5699661982323709,0.9735695043261268
0.5241839648826745,0.11319229511039493
0.7043102722925307,0.07887312753140308
0.9351749202641981,0.2845262609628214
0.20112623170537502,0.9574545206438755
0.5311501657603542,0.7807389285655654
0.9881782464964265,0.2611740086486184
0.9338873155538852,0.5652309220653655
0.8635111412563611,0.411894853603872
0.13120886251622277,0.7135734346260341
0.8144388292680178,0.2985659677337227
0.966625829969925,0.24060455866876607
0.03177732358928082,0.6495589084885958
0.8881061425818443,0.3168461729927968
0.6793199025488349,0.28331648049135116
0.6140786582692885,0.9083869012378025
0.38051572763846464,0.29529067124593467
0.31954192494100386,0.360298210191458
0.143314371572412,0.5086100251622061
0.261765336513202,0.5399863832472342
0.23073770831253426,0.12208137156708926
0.4524411804517997,0.09768518690484919
0.11246857737699907,0.4726648760697202
0.7151842591749638,0.13290242548324108
0.9422258241962647,0.13460224860539943
0.4011140793617739,0.04074936570689711
0.39694982229846576,0.22796272471721213
0.4154953218604256,0.23245606342360925
