f0_bin,f2_bin,treatment,n,visits,conversions,conv_visits,x_visit,xx_visit,xy_visit,x_conversion,xx_conversion,xy_conversion
0,0,0,3176,1,0,0,3.3707964,0.0042240447,0.0009434945,0.6011748,0.0004930776,0.0
0,0,1,17238,11,1,1,18.338789,0.023028504,0.01755109,3.267882,0.0025665201,8.87367e-05
0,5,0,73802,17165,560,560,17517.752,7564.9834,7500.813,661.93427,107.73874,76.44251
0,5,1,403721,96420,3777,3777,95904.37,41398.23,41630.438,3607.3962,568.49365,482.78015
0,6,0,112510,8463,181,181,8707.172,1714.2838,1716.7333,229.27315,10.11266,6.497658
0,6,1,614549,47406,1275,1275,47516.676,9400.639,9445.521,1272.253,53.269497,41.966354
0,7,0,123938,2501,58,58,2673.193,140.12813,136.70024,81.05848,0.5981698,0.33640623
0,7,1,681014,14745,493,493,14715.265,769.0722,792.1821,445.75745,3.3990912,3.2190642
0,8,0,128547,944,39,39,1037.6586,13.846888,13.240603,43.205605,0.065671735,0.07238024
0,8,1,704660,5587,204,204,5701.4116,76.529816,74.81013,238.0818,0.42474645,0.33012146
0,9,0,129811,452,13,13,549.924,2.6065981,2.1083872,24.23369,0.015299184,0.0050905263
0,9,1,712579,2967,109,109,3020.04,14.3232765,14.051207,133.02849,0.08451801,0.034419958
2,0,0,22105,64,6,6,131.31325,1.4235493,0.5591002,6.341275,0.007812357,0.0013596066
2,0,1,138486,1004,55,55,867.6635,10.144755,10.704641,44.04117,0.119150296,0.028532827
2,5,0,16520,5432,792,792,7062.361,3889.6692,3087.735,1127.7123,389.26334,260.8562
2,5,1,129488,59584,8121,8121,57907.508,32278.607,33099.22,7872.4707,2477.8179,2120.0483
2,6,0,8731,1269,105,105,1978.2844,635.8656,423.4863,177.54675,25.044584,11.824613
2,6,1,69023,18324,1476,1476,16880.596,5659.7188,6081.1313,1307.5687,155.14572,135.3677
2,7,0,6264,372,15,15,687.5327,106.02183,53.49071,36.292965,1.4788004,0.35876495
2,7,1,46073,5660,272,272,5416.953,874.18695,904.5147,259.27475,9.33417,9.131009
2,8,0,3988,134,6,6,243.88173,18.799828,10.137344,10.168933,0.122457705,0.071733065
2,8,1,27695,2023,85,85,1793.0941,145.99158,164.2014,71.16299,0.77724946,0.9203563
2,9,0,2589,51,1,1,91.671486,3.705753,1.9655871,3.843735,0.029912572,0.00069744885
2,9,1,17375,718,33,33,632.4614,26.438892,29.119923,28.86451,0.34503913,0.08493966
3,0,0,90828,213,10,10,376.20264,2.7930295,1.399257,16.923834,0.017290492,0.002419059
3,0,1,514315,2308,106,106,2188.2432,16.88668,17.700443,98.613464,0.097428896,0.023956727
3,5,0,27632,9996,792,792,11679.719,6243.7983,5460.0615,1171.1089,303.3807,191.55814
3,5,1,183908,82498,7919,7919,80412.74,43608.812,44667.2,7568.716,1877.2445,1599.7205
3,6,0,36442,5080,337,337,6640.0317,1892.608,1496.931,481.3846,50.54716,25.438229
3,6,1,229795,45623,3281,3281,44047.965,12905.87,13276.106,3020.6362,297.8231,241.01245
3,7,0,19495,1045,55,55,1543.4318,181.46115,121.69182,90.469955,2.8357446,1.4725186
3,7,1,122606,10837,641,641,10076.358,1216.7589,1306.1155,569.0799,17.802906,16.763258
3,8,0,14923,420,15,15,632.9827,33.939766,21.800325,30.146004,0.30830798,0.08917479
3,8,1,89912,4237,197,197,3872.8276,210.21815,228.16515,177.83748,1.6378486,1.4287181
3,9,0,9786,156,4,4,251.46648,7.4835534,4.296629,10.34695,0.056153134,0.008915877
3,9,1,58313,1624,81,81,1533.8209,46.74389,48.27732,64.87428,0.45730057,0.26371837
4,0,0,107373,188,11,11,260.60626,1.2561907,0.7660003,15.962019,0.04106493,0.003973015
4,0,1,602980,1528,69,69,1478.4889,7.1873317,6.948769,89.350174,0.088926464,0.018208314
4,5,0,15366,6126,327,327,6758.4595,3529.1726,3244.568,436.86264,88.78282,60.88723
4,5,1,92779,41699,2677,2677,41411.824,21831.596,21965.895,2592.3337,495.52472,417.09427
4,6,0,23490,3414,141,141,4051.9824,1065.352,925.3277,204.7823,13.648896,8.423061
4,6,1,136143,24920,1230,1230,24030.795,6385.5645,6594.8394,1191.2944,75.79363,64.63801
4,7,0,33069,1307,69,69,1897.0527,169.80954,125.148926,112.12219,2.4598336,1.6655593
4,7,1,188139,10614,653,653,11002.495,1004.451,990.1977,640.48315,13.797338,10.372359
4,8,0,18067,367,15,15,484.65628,16.570274,12.147655,28.628315,0.2659577,0.122031085
4,8,1,101744,2958,175,175,2747.3792,95.30652,101.32747,159.60776,1.1005232,0.94677365
4,9,0,11681,154,6,6,200.52512,4.0897303,2.907419,9.88064,0.03919719,0.015797708
4,9,1,67128,1219,69,69,1165.6886,24.161963,23.794226,57.94984,0.21535425,0.13139227
5,0,0,180772,106,6,6,160.74216,0.20009147,0.15866956,13.975505,0.013033128,0.0006899773
5,0,1,1022721,731,64,64,908.94714,1.1218082,0.9954464,78.8378,0.06567855,0.005915573
5,5,0,3941,1497,41,41,1576.3745,769.3529,739.5867,67.522156,10.396955,7.218069
5,5,1,23286,9791,404,404,9402.09,4616.649,4779.93,389.40732,58.60575,44.366123
5,6,0,4578,797,31,31,869.57733,220.08575,202.0914,30.18679,1.5689085,1.4339759
5,6,1,25790,5174,173,173,4951.4404,1265.288,1303.0952,163.56914,6.8629756,5.926907
5,7,0,8270,314,5,5,409.2982,32.42175,26.078901,19.296625,0.26169336,0.013833943
5,7,1,46960,2381,93,93,2346.1824,186.38423,196.05258,110.4394,1.2885084,0.96802187
5,8,0,7160,101,5,5,155.49796,4.2258244,2.8123903,8.666144,0.0379342,0.018743768
5,8,1,40449,896,42,42,871.1409,23.491299,24.081223,48.160122,0.20603637,0.18579511
5,9,0,5212,72,5,5,68.2092,0.9711531,0.9813518,3.8239732,0.014405537,0.0076860297
5,9,1,28823,452,23,23,379.15903,5.4232426,6.343449,21.188805,0.10695118,0.02403149
6,0,0,162706,159,13,13,183.08731,0.3074956,0.26041964,14.446208,0.013906097,0.0027511672
6,0,1,914713,1144,77,77,1026.4331,1.706345,1.9366904,81.680664,0.0914609,0.008175954
6,5,0,5991,2208,92,92,2294.6155,1092.9889,1069.4359,104.40102,17.615295,15.421958
6,5,1,34320,13227,607,607,13211.376,6336.7773,6366.5405,586.3883,95.96859,79.800095
6,6,0,6770,1130,29,29,1214.8262,295.39844,276.49146,40.52819,1.5067174,0.9693718
6,6,1,38549,7293,284,284,7106.6895,1774.0756,1807.5682,254.56642,13.437537,11.341482
6,7,0,6252,417,15,15,414.32837,38.294777,37.376205,17.605307,0.2834928,0.33516335
6,7,1,35132,2770,118,118,2359.7065,220.70433,241.5212,98.8318,1.3791084,1.3197094
6,8,0,18805,268,19,19,348.4738,8.033682,6.1864414,21.3402,0.08197749,0.059933957
6,8,1,104957,1740,127,127,1948.0508,44.95199,39.4218,124.34804,0.5818346,0.38816628
6,9,0,10709,95,5,5,117.44251,1.40771,1.1124582,5.873907,0.012114443,0.0031798412
6,9,1,59054,748,35,35,648.8865,7.7985477,8.876009,33.484062,0.08603688,0.032118816
7,0,0,181728,106,4,4,172.29985,0.20224772,0.12875526,12.942316,0.007548307,0.0002195812
7,0,1,1019575,841,65,65,969.3273,1.1462626,0.9997094,71.791885,0.029076025,0.0051917317
7,5,0,3337,1239,44,44,1259.7339,603.4346,596.0547,50.757908,7.589906,6.93965
7,5,1,18791,7418,273,273,7176.063,3451.6838,3557.1504,286.83218,43.82033,35.040462
7,6,0,4120,652,22,22,722.21533,176.18324,155.52554,22.389944,0.96372163,0.38827318
7,6,1,23588,4256,130,130,4125.8105,1013.3317,1035.576,130.37857,5.333067,3.3977375
7,7,0,3582,197,7,7,232.39821,21.279215,16.587309,8.153793,0.10445373,0.05555871
7,7,1,20146,1481,55,55,1289.2496,115.29228,125.594246,47.823357,0.60139847,0.5418576
7,8,0,10997,124,6,6,163.52673,3.074144,2.4606688,10.466135,0.046737373,0.037698813
7,8,1,61230,882,45,45,915.13794,17.364212,18.297115,57.287193,0.23535685,0.11625821
7,9,0,7759,58,2,2,69.74159,0.6775434,0.5326142,3.8386414,0.0072867433,0.0005758995
7,9,1,43109,419,29,29,389.66446,3.8106732,4.1123195,22.605928,0.077005066,0.023420246
8,0,0,163825,133,9,9,168.76675,0.22616148,0.16445775,10.964143,0.0018518993,0.0006176653
8,0,1,914433,1055,69,69,940.08563,1.2468541,1.3805691,61.1543,0.029395217,0.0040239743
8,5,0,5389,1857,49,49,1890.7861,863.37067,858.8246,64.08637,10.600335,7.8321276
8,5,1,30077,10461,333,333,10595.262,4815.8745,4788.1416,334.13248,41.99309,39.814537
8,6,0,6758,1057,22,22,1081.9597,245.44397,237.08096,29.934004,1.3778384,0.5953262
8,6,1,37024,5985,160,160,5939.686,1364.1296,1371.881,156.53316,5.2535663,3.902385
8,7,0,5835,332,8,8,354.47342,29.407972,26.615803,11.057217,0.2458481,0.14665578
8,7,1,32727,2109,64,64,1999.1168,166.95354,171.3975,59.837627,0.7435714,1.0268312
8,8,0,7313,128,7,7,134.54146,3.1767404,3.0550783,5.810297,0.019820316,0.026250582
8,8,1,40419,843,38,38,745.5863,17.696716,19.589495,33.453934,0.13595776,0.12118498
8,9,0,23755,120,6,6,167.63045,1.2912189,0.9164453,10.309125,0.018433774,0.00917977
8,9,1,130407,775,37,37,920.9483,7.1046743,5.859486,57.13778,0.13949098,0.040382106
9,0,0,188260,85,6,6,123.78823,0.08502646,0.057231702,12.8817005,0.005285228,0.00033243067
9,0,1,1058195,660,77,77,695.4118,0.47655094,0.4414969,72.90953,0.028866855,0.0049852296
9,5,0,2421,819,30,30,823.8474,371.33258,372.07773,29.23283,4.7958317,4.0070453
9,5,1,13559,4598,145,145,4597.4883,2070.3203,2064.4187,151.34001,23.859364,16.617859
9,6,0,3021,450,10,10,452.09357,101.15185,103.67138,13.350597,0.87115896,0.41175768
9,6,1,17081,2587,81,81,2551.3853,564.479,574.65826,65.97876,2.9655445,2.6089482
9,7,0,2878,158,3,3,159.58589,12.10493,11.6324005,4.5604205,0.093643434,0.025118077
9,7,1,15588,909,28,28,878.8994,68.264015,68.49163,24.580595,0.40760216,0.14712477
9,8,0,2607,58,2,2,55.24202,1.4490398,1.43106,2.0781257,0.010528894,0.0005727482
9,8,1,14483,346,18,18,305.30466,7.9493847,8.647387,11.603115,0.08108515,0.053296413
9,9,0,12053,54,2,2,64.02629,0.39257893,0.3112027,4.146453,0.023929141,0.00086968613
9,9,1,67806,338,18,18,361.32678,2.231513,2.1683786,22.867403,0.09059602,0.02748272
